hardware vs. avg cpu usage (1000),,
buffalo,csel-kh1250-13,csel-kh1262-13
12.501079330814646,6.208869594824833,12.512888982338108
