gene length vs. avg cpu % (hw=csel-kh1250-13),,,,,,
2,3,4,5,6,7,8
6.203781925343977,6.204472967717116,6.205178416014408,6.2083737024223735,6.206947483588235,6.207915859396255,6.203618039441584
