gene length vs. avg cpu % (hw=csel-kh1250-13),,,,,,,,,,,,
2-0,2-1,2-2,2-3,2-4,3-0,3-1,3-2,4-0,5-0,6-0,7-0,8-0
6.2,5.95,6.550000000000001,6.2,5.65,6.2,6.2,6.2,6.2,6.216666666666668,6.114285714285715,6.2875000000000005,6.270000000000001
