time+,res,%cpu,total-runtime
0.69,60568,6.2,1.3599999999999999
1.02,68512,6.2,
1.3599999999999999,70640,6.2,
