time+,res,%cpu,total-runtime
0.55,0.064,12.5,6.91
0.89,0.067,12.5,
1.22,0.072,12.5,
1.56,0.072,12.5,
1.8900000000000001,0.073,12.5,
2.22,0.078,11.4,
2.56,0.078,12.5,
2.89,0.08,12.5,
3.22,0.08,12.5,
3.56,0.082,12.5,
3.9,0.083,12.5,
4.23,0.083,12.5,
4.5600000000000005,0.083,12.5,
4.9,0.083,12.5,
5.24,0.083,13.8,
5.57,0.083,12.5,
5.91,0.083,12.5,
6.24,0.084,12.5,
6.58,0.084,12.5,
6.91,0.084,12.5,
