time+,res,%cpu,total-runtime
0.54,67508,11.2,6.89
0.88,69568,12.5,
1.21,75248,11.2,
1.55,75248,12.5,
1.88,76060,11.2,
2.22,81076,12.5,
2.55,81340,12.5,
2.89,83980,12.5,
3.22,83980,12.5,
3.55,85828,12.5,
3.89,86620,12.5,
4.22,86620,12.5,
4.5600000000000005,86620,12.5,
4.89,86620,12.5,
5.23,86884,12.5,
5.5600000000000005,87148,12.5,
5.89,87148,12.5,
6.23,87684,12.5,
6.5600000000000005,87684,12.5,
6.89,88068,12.5,
