time+,res,%cpu,total-runtime
0.55,67580,12.5,6.89
0.88,68880,12.5,
1.22,75088,12.5,
1.55,75352,12.5,
1.88,75872,12.5,
2.22,81152,12.5,
2.55,81152,12.5,
2.89,82208,12.5,
3.22,84056,12.5,
3.55,85904,12.5,
3.88,86168,12.5,
4.22,86696,12.5,
4.5600000000000005,86696,13.8,
4.89,86696,12.5,
5.22,86960,12.5,
5.5600000000000005,87224,12.5,
5.89,87224,12.5,
6.22,87760,12.5,
6.5600000000000005,87760,12.5,
6.89,88024,12.5,
