time+,res,%cpu,total-runtime
0.59,0.065,12.5,6.9399999999999995
0.92,0.066,11.2,
1.26,0.072,12.5,
1.5899999999999999,0.072,12.5,
1.9300000000000002,0.072,12.5,
2.26,0.077,12.5,
2.6,0.078,12.5,
2.93,0.08,12.5,
3.26,0.08,12.5,
3.6,0.082,12.5,
3.93,0.083,12.5,
4.26,0.083,12.5,
4.6,0.083,12.5,
4.93,0.083,11.4,
5.26,0.083,12.5,
5.6,0.083,12.5,
5.9399999999999995,0.083,12.5,
6.27,0.084,12.5,
6.6,0.084,12.5,
6.9399999999999995,0.084,12.5,
