time+,res,%cpu,total-runtime
0.55,61704,11.2,1.5699999999999998
0.89,65668,12.5,
1.23,67516,12.5,
1.5699999999999998,68296,12.5,
