time+,res,%cpu,total-runtime
0.8,0.055,6.9,1.1400000000000001
1.1400000000000001,0.084,6.2,
