time+,res,%cpu,total-runtime
0.6,0.056,6.9,2.9699999999999998
0.93,0.087,6.2,
1.27,0.091,6.2,
1.6099999999999999,0.094,6.2,
1.95,0.096,6.2,
2.29,0.098,6.2,
2.63,0.099,6.2,
2.9699999999999998,0.0,6.2,
