time+,res,%cpu,total-runtime
0.62,0.057,6.2,9.43
0.97,0.089,6.2,
1.31,0.096,6.2,
1.6400000000000001,0.096,6.2,
1.98,0.096,6.2,
2.32,0.102,6.2,
2.66,0.104,6.2,
3.0,0.109,6.2,
3.34,0.11,6.2,
3.67,0.11,6.2,
4.01,0.11,6.2,
4.35,0.11,6.2,
4.6899999999999995,0.111,6.2,
5.03,0.114,5.7,
5.37,0.117,6.2,
5.7,0.12,6.2,
6.04,0.123,6.2,
6.38,0.123,6.2,
6.72,0.123,6.2,
7.06,0.123,6.2,
7.4,0.123,6.2,
7.73,0.123,6.2,
8.07,0.123,6.2,
8.41,0.123,6.2,
8.75,0.123,6.2,
9.09,0.123,6.2,
9.43,0.124,6.2,
