time+,res,%cpu,total-runtime
0.62,59412,5.6,4.9399999999999995
0.95,71324,6.2,
1.28,78320,6.2,
1.62,79132,6.2,
1.95,84148,6.2,
2.2800000000000002,85468,6.2,
2.62,87052,6.2,
2.95,89116,6.2,
3.2800000000000002,89628,6.2,
3.61,89628,6.2,
3.94,89888,6.2,
4.28,89888,6.2,
4.61,89888,6.2,
4.9399999999999995,89888,6.2,
