time+,res,%cpu,total-runtime
0.64,58940,6.2,5.29
0.97,70908,6.2,
1.31,77840,6.9,
1.6400000000000001,77840,6.2,
1.97,83640,6.2,
2.3,84960,6.2,
2.63,86544,6.2,
2.9699999999999998,88392,6.2,
3.3,89116,6.2,
3.63,89116,6.2,
3.96,89376,6.2,
4.3,89640,6.2,
4.63,89640,6.2,
4.96,89640,6.2,
5.29,89640,6.2,
