time+,res,%cpu,total-runtime
0.62,0.056,5.6,4.97
0.95,0.068,6.2,
1.28,0.074,6.2,
1.62,0.074,6.2,
1.95,0.08,6.2,
2.29,0.081,5.7,
2.62,0.083,6.2,
2.95,0.085,6.2,
3.2800000000000002,0.085,6.2,
3.64,0.085,6.2,
3.9699999999999998,0.085,6.2,
4.31,0.085,6.2,
4.64,0.085,6.2,
4.97,0.085,6.2,
