time+,res,%cpu,total-runtime
0.62,58908,6.2,4.95
0.95,71084,6.2,
1.28,78080,6.2,
1.6099999999999999,78884,6.2,
1.94,83900,5.6,
2.2800000000000002,85220,6.2,
2.62,86804,6.2,
2.95,88652,6.2,
3.2800000000000002,89380,6.2,
3.62,89380,6.2,
3.95,89904,6.2,
4.29,89904,6.9,
4.62,89904,6.2,
4.95,89904,6.2,
